transaction_id,user_id,merchant_id,amount,payment_method,transaction_status,timestamp
TXN10432,U1035,M206,3483.19,bank transfer,SUCCESS,2026-05-29T11:41:00
TXN10093,U1024,M207,96.87,Card,SUCCESS,2026-05-19T01:58:00
TXN10235,U1033,M201,3196.35,Rocket,SUCCESS,2026-05-11T10:00:00
TXNFAIL4,U9999,M213,268.93,Card,FAILED,2026-05-03T08:12:00
TXN10289,U1011,M208,2385.44,bkash,SUCCESS,2026-05-14T18:55:00
TXN10361,U1017,M203,6480.07,Card,SUCCESS,2026-05-22T05:15:00
TXN10047,U1020,M203,2161.64,Nagad,SUCCESS,2026-05-14T23:40:00
TXN10352,U1015,M203,453.59,NAGAD,SUCCESS,2026-05-03T17:20:00
TXN10152,U1035,M206,791.01,bkash,SUCCESS,2026-05-06T16:18:00
TXN10448,U1012,M209,7978.26,Nagad,SUCCESS,2026-05-26T08:51:00
TXN10411,U1003,M208,318.9,bkash,FAILED,2026-05-03T12:59:00
TXN10458,U1029,M212,5452.47,Nagad,SUCCESS,2026-05-02T10:49:00
TXN10065,U1022,M204,6573.26,NAGAD,SUCCESS,2026-05-10T02:56:00
TXN10165,U1024,M205,5033.05,Cash,FAILED,2026-05-02T23:12:00
TXN10339,U1030,M202,4217.65,bank transfer,SUCCESS,2026-05-12T08:32:00
TXN10478,U1031,M202,707.23,bKash,FAILED,2026-05-11T08:52:00
TXN10247,U1005,M208,5186.71,bKash,SUCCESS,2026-05-21T06:08:00
TXN10460,U1022,M204,2777.38,NAGAD,SUCCESS,2026-05-17T04:26:00
TXN10090,U1024,M211,1264.8,NAGAD,SUCCESS,2026-05-19T21:12:00
TXN10121,U1011,M203,1770.26,Cash,SUCCESS,2026-05-28T03:59:00
TXN10098,U1008,M213,3720.5,bKash,SUCCESS,2026-05-16T05:33:00
TXN10266,U1009,M213,3527.91,NAGAD,FAILED,2026-05-17T05:50:00
TXN10230,U1014,M208,4491.85,Card,SUCCESS,2026-05-03T06:12:00
TXN10055,U1016,M208,3933.83,bKash,SUCCESS,2026-05-20T14:39:00
TXN10371,U1030,M212,4323.27,NAGAD,SUCCESS,2026-05-28T10:47:00
TXN10157,U1019,M213,4716.15,Cash,FAILED,2026-05-21T15:44:00
TXN10309,U1037,M202,6153.86,Nagad,SUCCESS,2026-05-03T20:31:00
TXN10292,U1017,M210,7841.22,bKash,SUCCESS,2026-05-30T08:20:00
TXNHIGH4,U1027,M210,68207.93,bKash,SUCCESS,2026-05-05T15:57:00
TXN10248,U1028,M208,4205.85,Nagad,SUCCESS,2026-05-14T04:59:00
TXN10297,U1023,M206,2549.36,Rocket,SUCCESS,2026-05-06T11:54:00
TXN10009,U1006,M206,2259.89,Card,SUCCESS,2026-05-17T12:03:00
TXNMISSING1,U1010,M205,,bKash,SUCCESS,2026-05-02T08:00:00
TXN10454,U1034,M209,5123.53,bkash,SUCCESS,2026-05-12T15:08:00
TXN10414,U1039,M214,3891.47,Cash,SUCCESS,2026-05-25T13:19:00
TXN10400,U1035,M203,3861.18,Card,SUCCESS,2026-05-02T00:44:00
TXN10046,U1039,M201,3382.84,Card,FAILED,2026-05-10T15:06:00
TXN10038,U1006,M200,5234.55,bKash,PENDING,2026-05-12T02:11:00
TXN10412,U1000,M206,1143.06,NAGAD,SUCCESS,2026-05-08T04:57:00
TXN10446,U1025,M205,2367.01,Cash,PENDING,2026-05-12T08:47:00
TXN10218,U1035,M212,6556.49,bKash,SUCCESS,2026-05-31T06:31:00
TXN10356,U1003,M214,6161.36,NAGAD,SUCCESS,2026-05-03T00:44:00
TXN10183,U1030,M212,2396.37,Card,FAILED,2026-05-22T15:32:00
TXN10058,U1004,M214,5543.61,Nagad,SUCCESS,2026-05-18T03:16:00
TXNHIGH0,U1010,M213,143945.3,bKash,SUCCESS,2026-05-13T19:18:00
TXN10427,U1010,M209,1961.75,bank transfer,SUCCESS,2026-05-25T22:26:00
TXN10206,U1004,M214,692.28,Nagad,SUCCESS,2026-05-13T20:23:00
TXN10185,U1035,M205,767.91,bank transfer,SUCCESS,2026-05-25T18:04:00
TXN10461,U1030,M201,3533.42,Cash,SUCCESS,2026-05-14T23:58:00
TXN10362,U1016,M211,1530.28,Card,FAILED,2026-05-27T04:10:00
TXN10374,U1010,M205,6843.16,Cash,SUCCESS,2026-05-10T16:21:00
TXN10014,U1020,M203,5260.74,bank transfer,FAILED,2026-05-30T14:09:00
TXN10199,U1038,M200,2254.34,Nagad,PENDING,2026-05-25T22:03:00
TXN10204,U1033,M204,3691.44,bKash,SUCCESS,2026-05-23T03:10:00
TXN10486,U1027,M202,4948.4,NAGAD,FAILED,2026-05-04T00:50:00
TXN10150,U1028,M214,5601.09,bkash,SUCCESS,2026-05-30T00:09:00
TXN10172,U1029,M204,5351.38,Cash,FAILED,2026-05-26T05:01:00
TXN10075,U1039,M209,2442.55,bKash,SUCCESS,2026-05-10T21:34:00
TXN10094,U1026,M208,5992.75,NAGAD,SUCCESS,2026-05-13T18:07:00
TXN10086,U1027,M213,7259.5,Cash,FAILED,2026-05-22T22:28:00
TXN10450,U1004,M213,6789.91,bank transfer,SUCCESS,2026-05-07T16:01:00
TXN10220,U1000,M202,6965.41,bank transfer,SUCCESS,2026-05-30T03:35:00
TXNFAIL1,U9999,M210,278.03,Card,FAILED,2026-05-03T08:03:00
TXN10442,U1023,M204,7556.57,Cash,SUCCESS,2026-05-10T05:35:00
TXN10319,U1030,M207,1671.98,Nagad,SUCCESS,2026-05-15T20:46:00
TXN10170,U1010,M202,677.8,bank transfer,SUCCESS,2026-05-12T07:03:00
TXN10355,U1030,M210,1635.67,Rocket,SUCCESS,2026-05-30T17:29:00
TXN10106,U1025,M211,1626.72,NAGAD,SUCCESS,2026-05-15T01:24:00
TXN10287,U1024,M205,7791.1,Cash,SUCCESS,2026-05-18T01:14:00
TXN10207,U1039,M210,4703.65,Card,SUCCESS,2026-05-28T12:30:00
TXN10041,U1018,M206,5587.9,Cash,SUCCESS,2026-05-14T20:05:00
TXN10350,U1016,M211,3858.68,NAGAD,FAILED,2026-05-13T16:08:00
TXN10479,U1018,M200,2235.08,Rocket,SUCCESS,2026-05-22T03:31:00
TXN10062,U1010,M212,6495.64,bank transfer,SUCCESS,2026-05-16T10:50:00
TXN10099,U1013,M207,2648.42,bank transfer,SUCCESS,2026-05-20T12:27:00
TXN10464,U1010,M205,4500.8,Cash,SUCCESS,2026-05-19T18:25:00
TXN10108,U1023,M201,4072.39,Card,SUCCESS,2026-05-20T10:48:00
TXN10112,U1005,M204,7058.97,NAGAD,SUCCESS,2026-05-27T06:25:00
TXN10250,U1021,M201,2671.04,bank transfer,SUCCESS,2026-05-31T05:08:00
TXN10246,U1032,M202,7663.89,Cash,SUCCESS,2026-05-16T23:07:00
TXN10231,U1027,M200,3705.05,bkash,FAILED,2026-05-27T12:52:00
TXN10097,U1001,M214,3182.46,bKash,SUCCESS,2026-05-20T20:09:00
TXN10173,U1010,M201,3561.75,Card,PENDING,2026-05-14T22:45:00
TXN10244,U1039,M209,4081.19,Cash,SUCCESS,2026-05-03T04:48:00
TXN10025,U1019,M203,510.51,bkash,SUCCESS,2026-05-23T10:49:00
TXN10263,U1010,M213,1637.6,Nagad,FAILED,2026-05-03T16:59:00
TXN10017,U1032,M207,772.73,bKash,FAILED,2026-05-08T06:56:00
TXN10049,U1036,M201,632.42,NAGAD,SUCCESS,2026-05-07T08:40:00
TXN10181,U1020,M211,3353.25,NAGAD,SUCCESS,2026-05-25T21:10:00
TXN10228,U1013,M212,1141.02,Rocket,SUCCESS,2026-05-06T19:03:00
TXN10245,U1028,M214,6488.04,NAGAD,SUCCESS,2026-05-22T23:30:00
TXN10286,U1017,M201,6404.77,bank transfer,FAILED,2026-05-21T08:18:00
TXN10498,U1029,M200,1037.69,Nagad,SUCCESS,2026-05-01T08:44:00
TXN10277,U1032,M212,7907.24,bKash,SUCCESS,2026-05-22T17:30:00
TXN10282,U1030,M210,1499.11,Nagad,SUCCESS,2026-05-22T03:54:00
TXN10354,U1000,M208,7824.39,Nagad,SUCCESS,2026-05-22T23:35:00
TXN10082,U1009,M210,5516.6,bkash,SUCCESS,2026-05-11T07:01:00
TXN10276,U1005,M208,7798.5,bkash,PENDING,2026-05-26T02:16:00
TXN10372,U1005,M208,3601.65,Card,SUCCESS,2026-05-27T00:13:00
TXN10375,U1037,M207,772.99,Cash,FAILED,2026-05-21T23:16:00
TXN10175,U1030,M201,1935.79,Card,SUCCESS,2026-05-14T18:28:00
TXN10495,U1025,M203,7746.62,NAGAD,SUCCESS,2026-05-16T00:39:00
TXN10386,U1039,M212,7493.09,bKash,SUCCESS,2026-05-04T09:29:00
TXN10428,U1021,M206,6057.09,Nagad,FAILED,2026-05-04T21:39:00
TXN10221,U1001,M201,5981.59,NAGAD,SUCCESS,2026-05-21T23:30:00
TXNHIGH3,U1003,M206,116304.38,bKash,SUCCESS,2026-05-11T23:44:00
TXN10128,U1003,M202,1236.12,Rocket,SUCCESS,2026-05-12T15:05:00
TXN10302,U1022,M211,566.27,Rocket,FAILED,2026-05-08T12:02:00
TXN10045,U1025,M201,7535.69,NAGAD,SUCCESS,2026-05-03T03:24:00
TXN10306,U1004,M204,3215.37,Cash,SUCCESS,2026-05-19T23:12:00
TXN10054,U1017,M204,4858.4,Card,SUCCESS,2026-05-30T04:45:00
TXN10087,U1028,M204,6026.63,Rocket,SUCCESS,2026-05-25T01:23:00
TXN10048,U1029,M205,7435.7,bkash,SUCCESS,2026-05-29T14:28:00
TXN10143,U1028,M214,2261.34,bank transfer,SUCCESS,2026-05-23T17:05:00
TXN10189,U1019,M210,3295.95,Nagad,SUCCESS,2026-05-03T00:38:00
TXN10384,U1027,M208,3065.25,NAGAD,SUCCESS,2026-05-17T02:05:00
TXN10092,U1024,M214,6169.88,bKash,FAILED,2026-05-27T12:48:00
TXN10251,U1038,M213,1245.47,bkash,SUCCESS,2026-05-07T18:28:00
TXN10166,U1039,M201,1916.42,Rocket,PENDING,2026-05-05T10:43:00
TXN10497,U1021,M214,5476.29,bKash,SUCCESS,2026-05-29T19:57:00
TXN10147,U1025,M213,4141.04,bKash,SUCCESS,2026-05-26T00:39:00
TXN10136,U1037,M210,6441.05,NAGAD,SUCCESS,2026-05-26T02:48:00
TXN10305,U1023,M207,6439.11,Nagad,SUCCESS,2026-05-05T06:10:00
TXN10193,U1002,M211,2995.71,Cash,SUCCESS,2026-05-12T01:53:00
TXN10120,U1019,M204,1882.78,NAGAD,SUCCESS,2026-05-25T17:18:00
TXNMISSING2,,M206,500,Card,SUCCESS,2026-05-02T08:00:00
TXN10481,U1036,M201,2179.72,Card,SUCCESS,2026-05-03T05:26:00
TXN10490,U1015,M202,5705.59,NAGAD,SUCCESS,2026-05-19T04:56:00
TXN10430,U1004,M205,4861.09,bank transfer,PENDING,2026-05-16T04:29:00
TXN10499,U1027,M203,7965.77,Nagad,FAILED,2026-05-15T01:43:00
TXN10113,U1039,M210,3062.96,bKash,SUCCESS,2026-05-16T03:00:00
TXN10435,U1023,M201,777.59,Rocket,SUCCESS,2026-05-13T14:39:00
TXN10016,U1016,M211,4697.46,bank transfer,SUCCESS,2026-05-07T15:05:00
TXN10345,U1016,M209,3899.23,NAGAD,SUCCESS,2026-05-14T22:02:00
TXN10192,U1026,M210,837.22,Cash,SUCCESS,2026-05-14T01:33:00
TXN10156,U1026,M205,7477.27,Rocket,FAILED,2026-05-14T04:56:00
TXN10331,U1025,M205,6369.43,Card,SUCCESS,2026-05-17T23:20:00
TXN10358,U1025,M212,3988.3,Rocket,FAILED,2026-05-01T18:07:00
TXN10269,U1021,M212,1211.09,bKash,SUCCESS,2026-05-22T20:02:00
TXN10050,U1022,M214,596.89,NAGAD,SUCCESS,2026-05-08T12:18:00
TXN10413,U1000,M203,4070.58,Card,SUCCESS,2026-05-30T08:34:00
TXN10056,U1017,M200,78.19,Nagad,SUCCESS,2026-05-13T06:07:00
TXN10208,U1033,M204,3657.04,bank transfer,SUCCESS,2026-05-06T12:58:00
TXN10397,U1013,M205,5191.31,Cash,FAILED,2026-05-05T12:59:00
TXN10031,U1003,M203,585.83,bKash,FAILED,2026-05-04T13:23:00
TXN10278,U1002,M210,3125.71,Card,SUCCESS,2026-05-02T01:44:00
TXN10239,U1004,M202,7612.77,Cash,SUCCESS,2026-05-26T23:44:00
TXN10174,U1027,M211,2038.28,Rocket,SUCCESS,2026-05-18T20:11:00
TXN10249,U1024,M206,6207.0,bKash,FAILED,2026-05-30T19:01:00
TXN10323,U1015,M213,7223.37,Card,FAILED,2026-05-15T13:34:00
TXN10140,U1028,M201,4804.39,bank transfer,SUCCESS,2026-05-28T19:24:00
TXN10381,U1024,M201,5477.71,Nagad,SUCCESS,2026-05-17T03:51:00
TXN10176,U1001,M213,5282.93,Rocket,SUCCESS,2026-05-03T13:34:00
TXN10103,U1007,M209,7584.67,Cash,SUCCESS,2026-05-18T02:55:00
TXN10403,U1035,M205,6215.34,bank transfer,SUCCESS,2026-05-30T20:34:00
TXN10273,U1003,M203,3387.61,Cash,SUCCESS,2026-05-24T01:56:00
TXN10202,U1026,M208,953.51,bkash,SUCCESS,2026-05-17T19:26:00
TXN10299,U1016,M212,2119.3,Cash,SUCCESS,2026-05-29T04:19:00
TXN10285,U1012,M204,2887.94,bKash,FAILED,2026-05-16T10:33:00
TXN10131,U1003,M209,7682.86,bkash,FAILED,2026-05-10T18:57:00
TXN10101,U1022,M203,5218.65,bKash,SUCCESS,2026-05-12T14:05:00
TXN10178,U1038,M212,2850.95,NAGAD,SUCCESS,2026-05-31T08:00:00
TXN10482,U1028,M208,1787.41,bank transfer,SUCCESS,2026-05-31T01:59:00
TXN10453,U1032,M214,7367.12,bank transfer,SUCCESS,2026-05-17T16:42:00
TXN10407,U1037,M211,3369.75,Nagad,SUCCESS,2026-05-11T19:14:00
TXN10429,U1032,M211,7795.87,bKash,SUCCESS,2026-05-11T21:33:00
TXN10055,U1016,M208,3933.83,bKash,SUCCESS,2026-05-20T14:39:00
TXN10010,U1013,M210,2172.47,bkash,SUCCESS,2026-05-09T02:55:00
TXN10444,U1039,M206,6442.41,Card,SUCCESS,2026-05-20T22:20:00
TXN10308,U1029,M210,4163.01,Nagad,FAILED,2026-05-26T10:10:00
TXN10378,U1004,M200,3418.39,bkash,SUCCESS,2026-05-04T01:48:00
TXN10229,U1000,M207,5988.76,Nagad,SUCCESS,2026-05-25T13:43:00
TXN10180,U1002,M209,2950.65,Nagad,SUCCESS,2026-05-14T18:20:00
TXN10418,U1033,M204,6530.95,Rocket,FAILED,2026-05-04T22:18:00
TXN10118,U1019,M210,4673.37,Cash,SUCCESS,2026-05-16T23:28:00
TXN10240,U1037,M207,5465.01,Card,FAILED,2026-05-29T21:05:00
TXN10320,U1022,M206,1089.59,Card,SUCCESS,2026-05-06T03:58:00
TXN10053,U1008,M204,967.66,bkash,SUCCESS,2026-05-08T09:47:00
TXN10296,U1023,M205,3579.32,bkash,SUCCESS,2026-05-25T10:18:00
TXN10335,U1010,M206,7925.4,Rocket,SUCCESS,2026-05-24T10:07:00
TXN10399,U1038,M200,6995.28,NAGAD,FAILED,2026-05-28T01:47:00
TXN10376,U1008,M208,3352.63,bKash,SUCCESS,2026-05-15T08:36:00
TXN10201,U1015,M209,2623.98,Nagad,SUCCESS,2026-05-07T02:27:00
TXN10393,U1024,M212,4219.48,bank transfer,SUCCESS,2026-05-14T23:33:00
TXNHIGH5,U1000,M203,102912.6,bKash,SUCCESS,2026-05-07T08:56:00
TXN10380,U1026,M205,7943.21,bank transfer,SUCCESS,2026-05-18T12:19:00
TXN10417,U1006,M214,815.7,Nagad,SUCCESS,2026-05-29T12:57:00
TXN10494,U1029,M210,5329.94,Card,FAILED,2026-05-25T15:44:00
TXNHIGH1,U1005,M210,92439.18,bKash,SUCCESS,2026-05-05T02:01:00
TXN10367,U1000,M204,5246.78,NAGAD,SUCCESS,2026-05-06T17:07:00
TXN10415,U1035,M206,144.22,Rocket,SUCCESS,2026-05-14T09:08:00
TXN10473,U1038,M202,4619.71,bank transfer,SUCCESS,2026-05-30T06:08:00
TXN10211,U1020,M206,2534.56,Rocket,SUCCESS,2026-05-08T06:43:00
TXN10227,U1002,M203,3192.34,bKash,SUCCESS,2026-05-15T01:13:00
TXN10069,U1027,M205,5841.93,Card,SUCCESS,2026-05-24T14:36:00
TXN10115,U1017,M208,130.7,NAGAD,SUCCESS,2026-05-19T19:55:00
TXN10081,U1036,M203,5760.85,bank transfer,SUCCESS,2026-05-12T10:29:00
TXN10344,U1011,M207,7301.39,Card,SUCCESS,2026-05-30T14:39:00
TXN10242,U1017,M209,496.57,bkash,SUCCESS,2026-05-21T21:36:00
TXN10363,U1012,M202,4907.09,bank transfer,FAILED,2026-05-24T18:49:00
TXN10391,U1033,M203,3337.8,Rocket,SUCCESS,2026-05-28T06:15:00
TXN10314,U1038,M205,6748.11,bKash,FAILED,2026-05-02T14:59:00
TXN10066,U1025,M205,2264.89,bkash,PENDING,2026-05-14T00:52:00
TXN10074,U1035,M202,1575.13,bank transfer,SUCCESS,2026-05-09T06:05:00
TXN10236,U1021,M212,1386.66,bkash,SUCCESS,2026-05-10T03:47:00
TXN10366,U1028,M212,2172.6,Card,SUCCESS,2026-05-27T09:44:00
TXN10169,U1027,M202,1991.37,bank transfer,SUCCESS,2026-05-09T12:40:00
TXN10476,U1000,M207,1135.45,bank transfer,PENDING,2026-05-24T08:04:00
TXN10272,U1033,M206,933.94,Rocket,SUCCESS,2026-05-06T21:05:00
TXNFAIL2,U9999,M200,378.24,Card,FAILED,2026-05-03T08:06:00
TXN10436,U1006,M202,744.01,bank transfer,SUCCESS,2026-05-26T13:55:00
TXN10019,U1029,M208,2048.74,bKash,SUCCESS,2026-05-06T13:07:00
TXN10262,U1028,M207,6167.04,bank transfer,SUCCESS,2026-05-20T09:17:00
TXN10258,U1010,M202,6659.19,Nagad,SUCCESS,2026-05-03T07:43:00
TXN10317,U1018,M210,7655.37,Cash,SUCCESS,2026-05-19T19:33:00
TXN10404,U1022,M204,2129.41,Cash,SUCCESS,2026-05-22T16:48:00
TXN10129,U1007,M208,6127.33,NAGAD,SUCCESS,2026-05-18T15:28:00
TXN10024,U1000,M209,2627.04,bKash,SUCCESS,2026-05-17T20:28:00
TXN10148,U1029,M206,480.92,Card,SUCCESS,2026-05-24T00:29:00
TXN10021,U1010,M207,75.8,Rocket,PENDING,2026-05-09T11:08:00
TXN10191,U1024,M207,2999.54,bank transfer,SUCCESS,2026-05-08T08:46:00
TXN10117,U1028,M212,187.08,Rocket,SUCCESS,2026-05-12T09:45:00
TXN10095,U1027,M207,280.75,Card,SUCCESS,2026-05-19T17:37:00
TXN10466,U1012,M207,4758.02,bank transfer,SUCCESS,2026-05-11T02:36:00
TXN10443,U1029,M201,1127.14,bKash,FAILED,2026-05-16T10:52:00
TXN10133,U1004,M202,71.27,Cash,SUCCESS,2026-05-22T17:16:00
TXN10410,U1010,M202,5776.49,Cash,SUCCESS,2026-05-26T00:09:00
TXN10441,U1004,M202,3505.68,bank transfer,SUCCESS,2026-05-04T20:01:00
TXN10011,U1034,M211,1996.25,Cash,SUCCESS,2026-05-30T11:03:00
TXN10280,U1006,M212,4676.13,Card,SUCCESS,2026-05-17T08:48:00
TXN10462,U1002,M212,5700.69,bKash,FAILED,2026-05-30T19:45:00
TXN10182,U1023,M208,4039.27,Rocket,FAILED,2026-05-13T00:40:00
TXN10423,U1021,M209,7819.77,bkash,FAILED,2026-05-03T06:28:00
TXN10333,U1002,M202,5723.06,Cash,SUCCESS,2026-05-08T02:40:00
TXN10325,U1031,M200,765.89,bank transfer,SUCCESS,2026-05-12T06:56:00
TXN10107,U1038,M212,1012.39,bKash,SUCCESS,2026-05-20T19:54:00
TXN10334,U1038,M214,4148.27,Card,FAILED,2026-05-15T19:55:00
TXNINVALID1,U1020,M210,-250.0,Cash,FAILED,2026-05-04T08:00:00
TXN10492,U1028,M201,5087.34,bkash,SUCCESS,2026-05-13T23:53:00
TXN10284,U1019,M208,3215.88,Cash,SUCCESS,2026-05-30T18:35:00
TXN10438,U1038,M209,6286.29,bank transfer,SUCCESS,2026-05-20T03:59:00
TXN10469,U1033,M210,2541.56,bank transfer,SUCCESS,2026-05-28T01:09:00
TXN10281,U1034,M205,6517.4,Nagad,FAILED,2026-05-22T11:29:00
TXN10217,U1035,M205,963.34,Rocket,SUCCESS,2026-05-20T20:42:00
TXN10439,U1024,M212,723.36,NAGAD,SUCCESS,2026-05-09T01:13:00
TXN10168,U1001,M200,2628.78,bKash,SUCCESS,2026-05-18T09:25:00
TXN10194,U1023,M201,7848.38,Card,SUCCESS,2026-05-30T16:19:00
TXN10000,U1007,M200,5945.33,NAGAD,SUCCESS,2026-05-05T23:57:00
TXN10316,U1026,M209,5129.98,Cash,FAILED,2026-05-26T03:54:00
TXN10243,U1002,M200,2981.46,Rocket,SUCCESS,2026-05-05T10:37:00
TXN10002,U1014,M208,4836.05,NAGAD,SUCCESS,2026-05-26T03:13:00
TXN10224,U1003,M210,698.57,Cash,SUCCESS,2026-05-23T10:28:00
TXN10318,U1019,M207,630.14,bKash,SUCCESS,2026-05-20T05:58:00
TXN10425,U1017,M214,4367.09,bKash,SUCCESS,2026-05-15T15:30:00
TXN10419,U1023,M206,3699.03,NAGAD,PENDING,2026-05-11T14:41:00
TXN10342,U1030,M213,6794.6,bKash,SUCCESS,2026-05-24T22:32:00
TXN10119,U1027,M211,4425.59,Card,SUCCESS,2026-05-13T15:54:00
TXN10012,U1035,M203,5492.68,bKash,SUCCESS,2026-05-02T19:03:00
TXN10209,U1035,M211,6930.66,bank transfer,SUCCESS,2026-05-11T17:34:00
TXN10003,U1026,M203,3621.21,Rocket,FAILED,2026-05-01T15:05:00
TXN10483,U1015,M204,7004.74,bKash,SUCCESS,2026-05-17T04:44:00
TXN10424,U1014,M203,7215.12,Cash,SUCCESS,2026-05-04T17:12:00
TXN10100,U1016,M213,701.15,bKash,SUCCESS,2026-05-03T16:53:00
TXN10252,U1022,M204,7743.19,bank transfer,SUCCESS,2026-05-05T04:32:00
TXN10422,U1000,M211,1412.5,Cash,FAILED,2026-05-30T16:24:00
TXN10237,U1022,M205,5832.66,Nagad,SUCCESS,2026-05-07T23:57:00
TXN10124,U1017,M200,7795.64,Rocket,SUCCESS,2026-05-07T01:55:00
TXN10155,U1009,M206,1565.35,Nagad,FAILED,2026-05-13T21:44:00
TXN10149,U1028,M212,460.31,Rocket,SUCCESS,2026-05-14T10:36:00
TXN10102,U1012,M213,212.02,Nagad,SUCCESS,2026-05-22T21:15:00
TXN10484,U1005,M207,6929.06,bkash,SUCCESS,2026-05-12T02:48:00
TXN10493,U1023,M207,7604.52,Card,SUCCESS,2026-05-05T13:44:00
TXN10322,U1006,M200,2357.19,bank transfer,FAILED,2026-05-20T08:42:00
TXN10389,U1008,M208,7948.19,NAGAD,FAILED,2026-05-27T13:15:00
TXN10468,U1011,M205,2641.58,Cash,SUCCESS,2026-05-23T14:38:00
TXN10159,U1012,M211,1948.5,bank transfer,SUCCESS,2026-05-20T00:40:00
TXN10144,U1005,M207,2816.29,Card,SUCCESS,2026-05-06T02:15:00
TXN10238,U1016,M203,1429.32,Nagad,SUCCESS,2026-05-31T03:59:00
TXN10496,U1018,M205,4401.12,Nagad,SUCCESS,2026-05-23T10:07:00
TXN10388,U1025,M207,1913.0,NAGAD,SUCCESS,2026-05-03T21:39:00
TXN10303,U1011,M212,2923.86,NAGAD,SUCCESS,2026-05-10T11:31:00
TXN10340,U1002,M209,7588.23,bkash,SUCCESS,2026-05-21T09:43:00
TXN10294,U1038,M210,6261.43,bKash,SUCCESS,2026-05-12T01:46:00
TXN10298,U1001,M211,1529.08,bank transfer,FAILED,2026-05-06T16:37:00
TXN10026,U1004,M212,4285.01,Nagad,SUCCESS,2026-05-22T23:08:00
TXN10257,U1033,M200,5312.34,Nagad,SUCCESS,2026-05-08T08:29:00
TXN10368,U1029,M204,1319.75,Rocket,SUCCESS,2026-05-30T09:38:00
TXN10445,U1038,M202,2438.46,NAGAD,SUCCESS,2026-05-09T10:01:00
TXN10370,U1009,M207,5994.49,Card,SUCCESS,2026-05-26T07:54:00
TXN10138,U1003,M202,6351.4,Rocket,SUCCESS,2026-05-22T15:56:00
TXN10163,U1000,M211,1196.04,Nagad,SUCCESS,2026-05-13T09:28:00
TXN10213,U1023,M212,1084.42,bKash,SUCCESS,2026-05-26T21:24:00
TXN10457,U1016,M203,4109.88,NAGAD,SUCCESS,2026-05-19T03:13:00
TXN10164,U1021,M209,5557.0,bkash,FAILED,2026-05-25T14:51:00
TXN10114,U1011,M207,1736.35,Rocket,SUCCESS,2026-05-28T11:09:00
TXN10214,U1035,M205,5376.61,bank transfer,SUCCESS,2026-05-20T13:57:00
TXN10456,U1025,M212,2686.19,bank transfer,SUCCESS,2026-05-05T19:42:00
TXN10018,U1010,M212,5459.83,bkash,SUCCESS,2026-05-28T10:52:00
TXNDUP2,U1005,M205,2500.0,Nagad,SUCCESS,2026-05-06T18:04:00
TXN10076,U1027,M212,4660.88,Card,SUCCESS,2026-05-21T10:57:00
TXN10467,U1013,M204,6030.99,bkash,SUCCESS,2026-05-25T18:25:00
TXN10186,U1007,M207,2980.26,Rocket,SUCCESS,2026-05-30T09:27:00
TXN10409,U1016,M212,6581.66,Cash,SUCCESS,2026-05-17T08:40:00
TXN10023,U1038,M203,1265.07,Nagad,SUCCESS,2026-05-25T11:17:00
TXN10360,U1034,M208,3976.6,Nagad,FAILED,2026-05-22T15:12:00
TXN10347,U1020,M207,2822.99,Rocket,SUCCESS,2026-05-27T10:23:00
TXN10022,U1032,M214,895.97,Rocket,FAILED,2026-05-24T10:30:00
TXN10001,U1034,M201,4744.42,bKash,SUCCESS,2026-05-11T06:48:00
TXN10477,U1031,M206,5493.34,bank transfer,SUCCESS,2026-05-21T12:48:00
TXN10116,U1031,M208,6077.41,Cash,SUCCESS,2026-05-23T16:06:00
TXN10408,U1024,M209,6675.23,Cash,SUCCESS,2026-05-16T16:42:00
TXN10293,U1025,M205,4129.03,Nagad,PENDING,2026-05-07T19:57:00
TXN10052,U1033,M200,5359.51,Rocket,FAILED,2026-05-06T01:08:00
TXN10130,U1028,M214,3569.63,bank transfer,SUCCESS,2026-05-29T14:19:00
TXN10080,U1030,M209,6805.41,bkash,SUCCESS,2026-05-29T23:52:00
TXNFAIL3,U9999,M213,148.24,Card,FAILED,2026-05-03T08:09:00
TXN10338,U1001,M209,3822.99,NAGAD,SUCCESS,2026-05-27T21:21:00
TXN10290,U1019,M207,4840.84,bank transfer,SUCCESS,2026-05-21T12:51:00
TXN10426,U1001,M203,4716.94,bank transfer,FAILED,2026-05-14T22:53:00
TXN10449,U1001,M211,3719.9,NAGAD,SUCCESS,2026-05-14T14:12:00
TXN10420,U1019,M210,6633.09,bkash,SUCCESS,2026-05-30T21:51:00
TXN10377,U1001,M206,2072.93,bKash,SUCCESS,2026-05-27T15:40:00
TXN10233,U1001,M205,1416.39,Cash,FAILED,2026-05-17T19:14:00
TXN10343,U1013,M208,2634.14,Cash,SUCCESS,2026-05-15T14:42:00
TXN10039,U1010,M206,3910.85,NAGAD,FAILED,2026-05-04T00:02:00
TXN10395,U1019,M213,5675.24,Cash,FAILED,2026-05-26T22:16:00
TXN10295,U1023,M205,3093.69,bKash,SUCCESS,2026-05-21T19:26:00
TXN10402,U1015,M211,4854.99,NAGAD,SUCCESS,2026-05-12T05:24:00
TXN10032,U1032,M203,2263.89,Cash,SUCCESS,2026-05-07T08:31:00
TXN10268,U1023,M203,274.09,bkash,FAILED,2026-05-30T21:55:00
TXN10139,U1019,M211,3249.94,Rocket,SUCCESS,2026-05-23T19:21:00
TXN10465,U1011,M202,5141.81,bank transfer,SUCCESS,2026-05-29T06:46:00
TXN10171,U1031,M214,4686.1,NAGAD,SUCCESS,2026-05-12T21:24:00
TXN10015,U1029,M202,2155.8,NAGAD,SUCCESS,2026-05-25T20:42:00
TXN10060,U1002,M214,2894.58,NAGAD,SUCCESS,2026-05-17T10:18:00
TXN10137,U1014,M210,1234.47,Rocket,FAILED,2026-05-04T13:59:00
TXN10064,U1024,M213,357.86,Cash,SUCCESS,2026-05-22T06:46:00
TXN10190,U1019,M207,973.16,NAGAD,FAILED,2026-05-07T12:10:00
TXN10085,U1038,M205,7602.81,Cash,SUCCESS,2026-05-24T07:21:00
TXN10132,U1013,M204,5300.4,Nagad,SUCCESS,2026-05-26T10:55:00
TXN10264,U1030,M213,3001.14,bkash,SUCCESS,2026-05-24T19:30:00
TXN10267,U1001,M206,473.39,Card,SUCCESS,2026-05-05T01:08:00
TXN10177,U1038,M211,3998.98,Rocket,SUCCESS,2026-05-11T19:21:00
TXN10254,U1005,M210,5380.13,Card,SUCCESS,2026-05-15T09:21:00
TXN10083,U1011,M212,7665.83,Cash,SUCCESS,2026-05-12T16:11:00
TXN10005,U1006,M201,3070.42,Card,FAILED,2026-05-28T19:25:00
TXNFAIL0,U9999,M209,190.48,Card,FAILED,2026-05-03T08:00:00
TXN10421,U1002,M201,3271.96,bank transfer,SUCCESS,2026-05-03T21:17:00
TXN10061,U1035,M214,7003.97,Nagad,FAILED,2026-05-12T02:34:00
TXN10089,U1015,M204,2719.99,bkash,SUCCESS,2026-05-11T20:35:00
TXN10336,U1032,M208,3944.28,Rocket,SUCCESS,2026-05-02T02:10:00
TXN10341,U1020,M206,1253.88,NAGAD,SUCCESS,2026-05-29T03:53:00
TXN10365,U1030,M205,7489.81,bKash,SUCCESS,2026-05-12T01:15:00
TXN10028,U1012,M211,2528.14,Card,SUCCESS,2026-05-24T21:19:00
TXN10452,U1004,M207,7926.07,Cash,SUCCESS,2026-05-25T15:40:00
TXN10313,U1032,M210,1390.66,Nagad,SUCCESS,2026-05-29T18:05:00
TXN10232,U1027,M209,3265.16,bank transfer,SUCCESS,2026-05-19T18:24:00
TXN10059,U1037,M208,1227.35,Nagad,SUCCESS,2026-05-17T22:17:00
TXN10222,U1021,M202,2991.92,Card,SUCCESS,2026-05-27T03:57:00
TXN10475,U1018,M202,1537.43,Cash,SUCCESS,2026-05-17T16:09:00
TXN10125,U1031,M201,6988.12,Rocket,SUCCESS,2026-05-21T09:06:00
TXN10029,U1028,M201,2020.85,bkash,SUCCESS,2026-05-28T02:35:00
TXN10431,U1001,M210,2222.95,Cash,SUCCESS,2026-05-17T12:38:00
TXN10223,U1038,M201,7072.57,Nagad,SUCCESS,2026-05-29T10:50:00
TXN10357,U1011,M206,7063.85,Nagad,FAILED,2026-05-02T23:41:00
TXN10379,U1004,M214,3802.97,Rocket,SUCCESS,2026-05-07T11:55:00
TXN10033,U1036,M209,3807.73,Cash,FAILED,2026-05-09T23:58:00
TXN10329,U1035,M203,2932.06,Rocket,SUCCESS,2026-05-24T06:46:00
TXN10348,U1034,M206,7171.3,bank transfer,FAILED,2026-05-07T23:59:00
TXN10491,U1031,M202,4640.53,Rocket,SUCCESS,2026-05-18T09:47:00
TXN10324,U1012,M212,1316.77,Cash,SUCCESS,2026-05-15T09:00:00
TXN10463,U1006,M210,6410.4,NAGAD,SUCCESS,2026-05-26T10:49:00
TXN10437,U1032,M206,871.18,bkash,SUCCESS,2026-05-05T13:39:00
TXN10167,U1027,M201,6094.94,bkash,SUCCESS,2026-05-14T23:05:00
TXN10471,U1039,M209,723.78,Nagad,SUCCESS,2026-05-12T04:35:00
TXN10079,U1019,M203,6462.18,Nagad,SUCCESS,2026-05-12T11:26:00
TXNDUP1,U1005,M205,2500.0,Nagad,FAILED,2026-05-06T18:02:00
TXN10261,U1019,M212,6285.74,NAGAD,SUCCESS,2026-05-27T07:03:00
TXN10040,U1010,M206,67.14,bank transfer,SUCCESS,2026-05-22T00:59:00
TXN10158,U1034,M207,2793.74,bank transfer,SUCCESS,2026-05-15T23:28:00
TXN10387,U1006,M209,316.93,bKash,SUCCESS,2026-05-03T08:19:00
TXN10142,U1036,M200,6116.72,Nagad,SUCCESS,2026-05-30T23:37:00
TXN10078,U1032,M210,5081.88,Card,SUCCESS,2026-05-12T00:32:00
TXN10480,U1036,M211,6191.75,Cash,SUCCESS,2026-05-06T11:39:00
TXN10275,U1027,M200,4937.74,NAGAD,SUCCESS,2026-05-09T20:35:00
TXN10274,U1038,M208,180.66,NAGAD,SUCCESS,2026-05-14T14:08:00
TXN10327,U1030,M204,4316.69,bkash,SUCCESS,2026-05-13T08:52:00
TXN10042,U1013,M200,4654.48,bKash,SUCCESS,2026-05-03T22:26:00
TXN10205,U1025,M206,5504.48,Cash,SUCCESS,2026-05-21T12:29:00
TXN10359,U1019,M209,4842.12,Card,SUCCESS,2026-05-30T12:29:00
TXN10216,U1013,M202,5271.05,NAGAD,FAILED,2026-05-17T06:25:00
TXN10212,U1030,M201,775.24,bkash,SUCCESS,2026-05-05T17:28:00
TXN10010,U1013,M210,2172.47,bkash,SUCCESS,2026-05-09T02:55:00
TXN10256,U1009,M201,2401.55,bkash,SUCCESS,2026-05-25T21:34:00
TXN10364,U1020,M201,3236.62,bkash,SUCCESS,2026-05-07T17:35:00
TXN10485,U1013,M212,5914.02,Card,FAILED,2026-05-29T02:34:00
TXN10146,U1035,M200,3665.87,Card,SUCCESS,2026-05-06T14:37:00
TXN10259,U1026,M205,5427.09,NAGAD,PENDING,2026-05-29T02:55:00
TXN10203,U1032,M209,916.98,NAGAD,FAILED,2026-05-03T07:21:00
TXN10030,U1035,M203,4728.1,bKash,SUCCESS,2026-05-30T01:19:00
TXN10020,U1034,M212,2171.26,Card,SUCCESS,2026-05-21T02:52:00
TXN10110,U1009,M206,1450.29,Rocket,SUCCESS,2026-05-25T19:49:00
TXN10134,U1018,M200,1890.24,Rocket,SUCCESS,2026-05-21T23:55:00
TXN10007,U1005,M208,2380.77,Card,SUCCESS,2026-05-04T11:58:00
TXN10034,U1006,M201,5288.91,Card,SUCCESS,2026-05-22T14:06:00
TXN10300,U1018,M211,7336.01,Cash,SUCCESS,2026-05-07T12:15:00
TXN10008,U1002,M210,1861.79,Rocket,PENDING,2026-05-11T22:16:00
TXN10037,U1017,M207,2035.96,bkash,SUCCESS,2026-05-26T09:06:00
TXN10394,U1024,M202,6047.61,Cash,SUCCESS,2026-05-11T14:08:00
TXN10241,U1020,M202,3546.11,Cash,SUCCESS,2026-05-15T02:45:00
TXN10390,U1020,M209,4803.45,Card,SUCCESS,2026-05-07T20:28:00
TXN10088,U1031,M210,1952.0,Cash,SUCCESS,2026-05-14T08:05:00
TXN10349,U1018,M200,2336.66,bkash,SUCCESS,2026-05-21T11:11:00
TXN10279,U1022,M212,587.1,NAGAD,SUCCESS,2026-05-29T22:13:00
TXN10187,U1023,M201,5414.95,Cash,SUCCESS,2026-05-26T21:12:00
TXN10215,U1003,M204,4823.26,Card,SUCCESS,2026-05-24T10:13:00
TXN10291,U1022,M207,386.72,Card,SUCCESS,2026-05-21T03:04:00
TXN10198,U1013,M209,1766.81,NAGAD,SUCCESS,2026-05-08T01:10:00
TXN10067,U1022,M210,4099.78,Card,FAILED,2026-05-06T13:59:00
TXN10162,U1021,M213,847.9,Cash,SUCCESS,2026-05-22T03:05:00
TXN10184,U1004,M202,6045.5,NAGAD,FAILED,2026-05-19T10:04:00
TXN10006,U1016,M212,395.43,Cash,SUCCESS,2026-05-18T13:27:00
TXN10270,U1008,M212,5659.01,Cash,SUCCESS,2026-05-04T22:32:00
TXN10036,U1006,M203,1573.14,Cash,SUCCESS,2026-05-09T16:25:00
TXN10304,U1008,M203,6333.47,bKash,SUCCESS,2026-05-27T09:04:00
TXN10326,U1013,M209,2855.52,bKash,SUCCESS,2026-05-28T12:38:00
TXN10255,U1011,M203,2766.77,Cash,SUCCESS,2026-05-07T14:15:00
TXN10123,U1014,M205,1476.56,bKash,SUCCESS,2026-05-07T02:15:00
TXN10057,U1010,M211,3562.59,bank transfer,SUCCESS,2026-05-06T10:11:00
TXN10197,U1015,M202,6306.48,NAGAD,SUCCESS,2026-05-26T13:20:00
TXN10253,U1019,M208,3044.6,Card,FAILED,2026-05-25T06:57:00
TXN10122,U1033,M209,2299.84,bkash,FAILED,2026-05-14T19:34:00
TXN10406,U1014,M211,1210.09,Rocket,SUCCESS,2026-05-27T21:55:00
TXN10401,U1013,M214,1560.69,bkash,SUCCESS,2026-05-23T03:06:00
TXN10027,U1035,M202,2157.2,bank transfer,PENDING,2026-05-25T21:03:00
TXN10474,U1034,M211,7357.33,Nagad,SUCCESS,2026-05-23T14:49:00
TXN10151,U1038,M212,1952.41,Nagad,SUCCESS,2026-05-01T22:56:00
TXN10200,U1016,M212,1437.25,bKash,SUCCESS,2026-05-17T15:17:00
TXN10382,U1007,M202,7943.13,bank transfer,SUCCESS,2026-05-11T11:14:00
TXN10096,U1010,M213,3765.75,Nagad,PENDING,2026-05-25T15:24:00
TXN10260,U1018,M212,6000.87,Cash,SUCCESS,2026-05-12T05:14:00
TXN10310,U1007,M208,1266.47,Nagad,SUCCESS,2026-05-11T14:16:00
TXN10265,U1007,M204,716.81,Nagad,SUCCESS,2026-05-24T16:43:00
TXNDUP0,U1005,M205,2500.0,Nagad,FAILED,2026-05-06T18:00:00
TXN10154,U1026,M213,3885.87,Cash,SUCCESS,2026-05-26T10:07:00
TXN10337,U1023,M205,5406.76,bank transfer,SUCCESS,2026-05-29T23:19:00
TXN10433,U1018,M212,2009.28,bkash,SUCCESS,2026-05-08T08:27:00
TXN10434,U1024,M211,6281.93,Nagad,SUCCESS,2026-05-15T17:53:00
TXN10013,U1020,M206,2178.54,NAGAD,FAILED,2026-05-27T03:30:00
TXN10353,U1006,M206,2675.83,Cash,SUCCESS,2026-05-07T14:09:00
TXN10398,U1034,M211,6643.78,bKash,SUCCESS,2026-05-28T20:47:00
TXN10145,U1010,M205,3322.58,Cash,SUCCESS,2026-05-19T13:24:00
TXN10311,U1022,M208,7164.66,bkash,SUCCESS,2026-05-30T05:39:00
TXN10487,U1036,M205,4281.63,Nagad,SUCCESS,2026-05-14T15:38:00
TXN10455,U1022,M202,5193.65,bKash,SUCCESS,2026-05-30T16:32:00
TXN10307,U1036,M201,1046.35,Card,SUCCESS,2026-05-21T19:29:00
TXN10283,U1002,M204,1652.65,NAGAD,FAILED,2026-05-15T16:42:00
TXN10127,U1007,M213,569.48,Cash,SUCCESS,2026-05-29T23:31:00
TXN10043,U1003,M209,3840.47,Nagad,SUCCESS,2026-05-24T10:41:00
TXN10330,U1028,M212,4421.36,bkash,SUCCESS,2026-05-05T17:36:00
TXN10141,U1016,M200,776.05,bKash,PENDING,2026-05-13T14:22:00
TXN10126,U1021,M202,7725.71,Rocket,FAILED,2026-05-23T01:48:00
TXN10472,U1019,M201,1505.2,Nagad,SUCCESS,2026-05-20T08:49:00
TXN10405,U1020,M214,1664.86,Card,SUCCESS,2026-05-26T22:25:00
TXN10161,U1009,M207,7720.35,Nagad,SUCCESS,2026-05-28T04:38:00
TXN10219,U1017,M200,1484.31,Rocket,FAILED,2026-05-17T07:24:00
TXN10488,U1018,M209,2175.38,bkash,SUCCESS,2026-05-20T01:34:00
TXN10196,U1005,M210,1736.24,bKash,SUCCESS,2026-05-16T12:16:00
TXN10373,U1007,M200,6638.75,NAGAD,SUCCESS,2026-05-08T03:40:00
TXN10301,U1004,M207,1422.62,Cash,PENDING,2026-05-15T21:04:00
TXN10063,U1026,M212,5375.76,NAGAD,SUCCESS,2026-05-06T06:04:00
TXNHIGH2,U1023,M210,141342.02,bKash,SUCCESS,2026-05-08T20:47:00
TXN10071,U1000,M208,7408.32,NAGAD,SUCCESS,2026-05-04T12:25:00
TXN10051,U1028,M213,4368.58,Rocket,SUCCESS,2026-05-31T02:18:00
TXN10459,U1030,M201,2398.69,bkash,SUCCESS,2026-05-07T18:44:00
TXN10044,U1005,M213,1527.31,bkash,SUCCESS,2026-05-12T00:54:00
TXN10111,U1030,M207,3512.82,Rocket,SUCCESS,2026-05-12T12:08:00
TXN10440,U1024,M202,1153.78,Rocket,SUCCESS,2026-05-07T23:23:00
TXN10226,U1022,M206,931.57,Cash,SUCCESS,2026-05-15T08:52:00
TXN10351,U1035,M211,2209.39,bkash,SUCCESS,2026-05-28T00:58:00
TXN10315,U1005,M200,7590.95,Rocket,SUCCESS,2026-05-27T08:55:00
TXN10210,U1026,M205,6627.98,bank transfer,SUCCESS,2026-05-05T15:51:00
TXN10470,U1007,M205,2848.28,Cash,SUCCESS,2026-05-14T20:53:00
TXN10077,U1013,M208,3811.83,Nagad,SUCCESS,2026-05-14T05:58:00
TXN10383,U1000,M212,230.75,Rocket,SUCCESS,2026-05-26T02:40:00
TXN10321,U1020,M203,3758.46,Rocket,SUCCESS,2026-05-07T17:52:00
TXN10109,U1031,M201,3496.51,Card,SUCCESS,2026-05-22T06:09:00
TXN10369,U1018,M205,4936.27,NAGAD,PENDING,2026-05-23T02:18:00
TXN10179,U1008,M210,822.45,bKash,SUCCESS,2026-05-21T09:29:00
TXN10225,U1038,M207,3342.76,NAGAD,SUCCESS,2026-05-06T12:19:00
TXN10084,U1007,M207,1110.05,Cash,SUCCESS,2026-05-26T18:29:00
TXN10332,U1009,M203,4839.58,bank transfer,SUCCESS,2026-05-03T09:29:00
TXN10312,U1035,M204,1045.1,Rocket,SUCCESS,2026-05-05T14:02:00
TXN10004,U1010,M211,3409.78,Rocket,SUCCESS,2026-05-16T15:39:00
TXN10288,U1033,M204,6419.13,bank transfer,SUCCESS,2026-05-28T18:02:00
TXN10271,U1001,M204,1764.46,Nagad,SUCCESS,2026-05-29T01:03:00
TXN10035,U1003,M210,5244.97,bkash,SUCCESS,2026-05-16T18:36:00
TXN10073,U1032,M204,5351.8,Card,SUCCESS,2026-05-14T18:56:00
TXN10346,U1014,M204,6180.84,NAGAD,SUCCESS,2026-05-23T14:07:00
TXN10328,U1023,M212,3255.87,bKash,SUCCESS,2026-05-27T06:53:00
TXN10068,U1016,M202,4665.69,Rocket,SUCCESS,2026-05-28T11:36:00
TXN10447,U1020,M206,2278.39,bank transfer,SUCCESS,2026-05-26T23:52:00
TXN10385,U1009,M204,1548.42,bkash,SUCCESS,2026-05-20T09:55:00
TXN10416,U1001,M208,6514.6,bank transfer,FAILED,2026-05-09T11:48:00
TXN10396,U1026,M206,4480.43,Nagad,SUCCESS,2026-05-12T22:31:00
TXN10195,U1022,M200,3215.21,NAGAD,PENDING,2026-05-22T00:40:00
TXN10070,U1007,M206,7201.06,NAGAD,SUCCESS,2026-05-21T04:17:00
TXN10153,U1009,M207,7464.59,Rocket,SUCCESS,2026-05-13T18:39:00
TXN10451,U1019,M203,2058.82,Nagad,SUCCESS,2026-05-18T11:46:00
TXN10188,U1020,M214,4900.15,bkash,SUCCESS,2026-05-22T11:06:00
TXN10160,U1002,M205,5970.41,bank transfer,SUCCESS,2026-05-31T00:10:00
TXN10105,U1019,M201,4650.54,Rocket,SUCCESS,2026-05-18T09:56:00
TXN10104,U1010,M209,4877.62,bkash,SUCCESS,2026-05-08T18:52:00
TXN10091,U1021,M208,3754.1,bKash,SUCCESS,2026-05-20T10:54:00
TXN10392,U1011,M210,5446.06,Cash,SUCCESS,2026-05-17T00:11:00
TXN10234,U1005,M206,6763.65,NAGAD,SUCCESS,2026-05-19T13:23:00
TXN10072,U1021,M209,2545.63,bkash,SUCCESS,2026-05-15T00:01:00
TXN10489,U1003,M204,6943.03,Nagad,SUCCESS,2026-05-07T08:56:00
TXN10135,U1004,M210,1905.72,Rocket,FAILED,2026-05-29T18:43:00
